Date,Home Team,Away Team,Home Goals,Away Goals,Tier
11/05/1993,81,89,3,1,1
11/05/1993,5,100,1,3,1
09/05/1993,81,6,2,1,1
09/05/1993,107,61,1,2,1
09/05/1993,68,54,7,1,2
08/05/1993,88,26,4,2,1
08/05/1993,57,100,6,2,1
08/05/1993,10,89,1,0,1
08/05/1993,51,72,2,1,1
08/05/1993,31,53,3,3,1
08/05/1993,74,91,4,3,1
08/05/1993,5,34,3,0,1
08/05/1993,64,71,3,3,1
08/05/1993,60,39,2,5,1
08/05/1993,79,45,2,1,2
08/05/1993,9,25,1,0,2
08/05/1993,73,96,3,1,2
08/05/1993,92,58,2,1,2
08/05/1993,17,15,4,1,2
08/05/1993,65,18,0,3,2
08/05/1993,103,75,0,1,2
08/05/1993,76,101,1,1,2
08/05/1993,8,98,1,0,2
08/05/1993,37,108,2,0,2
08/05/1993,105,22,2,0,2
08/05/1993,49,94,2,1,3
08/05/1993,43,40,1,1,3
08/05/1993,11,78,2,4,3
08/05/1993,12,80,1,0,3
08/05/1993,2,106,0,0,3
08/05/1993,16,28,3,2,3
08/05/1993,95,19,1,1,3
08/05/1993,104,50,3,1,3
08/05/1993,62,84,1,3,3
08/05/1993,97,55,0,1,3
08/05/1993,14,47,0,2,3
08/05/1993,77,82,2,2,3
08/05/1993,90,70,2,3,4
08/05/1993,56,36,2,0,4
08/05/1993,99,44,2,1,4
08/05/1993,38,102,0,3,4
08/05/1993,109,30,4,3,4
08/05/1993,83,29,2,1,4
08/05/1993,33,7,4,1,4
08/05/1993,46,48,0,1,4
08/05/1993,86,24,2,2,4
08/05/1993,87,23,0,3,4
06/05/1993,89,5,1,0,1
06/05/1993,68,75,2,1,2
05/05/1993,100,10,1,2,1
05/05/1993,74,57,3,2,1
05/05/1993,60,34,0,0,1
05/05/1993,37,73,2,0,2
04/05/1993,89,53,1,1,1
04/05/1993,5,81,0,0,1
04/05/1993,39,88,0,2,1
04/05/1993,101,96,2,1,2
04/05/1993,45,68,0,2,2
04/05/1993,12,95,1,0,3
04/05/1993,40,78,1,1,3
04/05/1993,97,106,2,1,3
04/05/1993,36,30,1,0,4
03/05/1993,61,10,3,1,1
02/05/1993,6,74,0,1,1
02/05/1993,98,105,1,3,2
01/05/1993,26,31,2,1,1
01/05/1993,89,64,2,3,1
01/05/1993,100,107,1,1,1
01/05/1993,72,88,0,2,1
01/05/1993,71,57,1,0,1
01/05/1993,34,51,3,1,1
01/05/1993,91,60,0,1,1
01/05/1993,39,5,0,0,1
01/05/1993,53,81,1,1,1
01/05/1993,25,37,2,1,2
01/05/1993,108,65,3,1,2
01/05/1993,101,103,2,1,2
01/05/1993,58,76,0,0,2
01/05/1993,15,8,3,1,2
01/05/1993,18,9,3,3,2
01/05/1993,75,73,1,1,2
01/05/1993,96,79,4,1,2
01/05/1993,22,92,3,1,2
01/05/1993,54,17,0,0,2
01/05/1993,55,14,4,2,3
01/05/1993,80,62,1,5,3
01/05/1993,82,97,2,0,3
01/05/1993,84,104,0,2,3
01/05/1993,28,43,2,3,3
01/05/1993,47,16,2,0,3
01/05/1993,94,2,0,0,3
01/05/1993,19,11,2,2,3
01/05/1993,40,49,1,2,3
01/05/1993,106,77,0,2,3
01/05/1993,44,46,2,0,4
01/05/1993,7,56,1,1,4
01/05/1993,30,87,1,0,4
01/05/1993,24,99,0,1,4
01/05/1993,21,33,1,2,4
01/05/1993,29,86,0,3,4
01/05/1993,102,83,3,1,4
01/05/1993,48,38,0,2,4
01/05/1993,23,90,2,1,4
30/04/1993,50,12,1,2,3
28/04/1993,95,77,1,0,3
27/04/1993,50,94,0,2,3
27/04/1993,78,62,3,0,3
27/04/1993,2,12,1,2,3
27/04/1993,97,80,2,0,3
27/04/1993,70,109,0,2,4
27/04/1993,33,102,0,1,4
25/04/1993,68,96,1,0,2
24/04/1993,79,108,2,0,2
24/04/1993,9,101,0,0,2
24/04/1993,73,98,1,1,2
24/04/1993,17,22,0,0,2
24/04/1993,65,25,1,0,2
24/04/1993,103,15,1,0,2
24/04/1993,76,54,3,0,2
24/04/1993,8,75,0,1,2
24/04/1993,37,58,1,1,2
24/04/1993,105,18,2,1,2
24/04/1993,49,50,3,0,3
24/04/1993,43,19,4,0,3
24/04/1993,11,94,2,0,3
24/04/1993,12,28,5,0,3
24/04/1993,2,55,3,0,3
24/04/1993,16,84,1,2,3
24/04/1993,95,80,1,0,3
24/04/1993,104,106,5,1,3
24/04/1993,62,40,0,0,3
24/04/1993,97,47,3,0,3
24/04/1993,14,82,3,0,3
24/04/1993,77,78,0,1,3
24/04/1993,90,29,2,2,4
24/04/1993,56,21,1,2,4
24/04/1993,99,48,0,0,4
24/04/1993,38,70,2,2,4
24/04/1993,109,24,3,1,4
24/04/1993,83,112,1,0,4
24/04/1993,33,30,7,1,4
24/04/1993,46,102,0,4,4
24/04/1993,86,36,0,3,4
24/04/1993,87,7,2,0,4
23/04/1993,92,45,1,0,2
21/04/1993,89,88,1,1,1
21/04/1993,57,53,2,0,1
21/04/1993,10,6,3,0,1
21/04/1993,34,61,0,2,1
21/04/1993,5,72,1,1,1
21/04/1993,60,107,1,1,1
21/04/1993,82,104,1,1,3
20/04/1993,64,100,3,0,1
20/04/1993,17,37,0,0,2
20/04/1993,75,76,2,1,2
20/04/1993,54,92,4,1,2
20/04/1993,97,49,3,0,3
20/04/1993,99,56,1,2,4
20/04/1993,7,21,1,0,4
20/04/1993,30,70,2,0,4
20/04/1993,33,87,1,0,4
20/04/1993,86,90,1,2,4
19/04/1993,51,71,3,1,1
18/04/1993,6,60,3,1,1
17/04/1993,88,10,1,3,1
17/04/1993,57,31,4,0,1
17/04/1993,100,74,4,1,1
17/04/1993,107,72,1,0,1
17/04/1993,91,39,0,0,1
17/04/1993,61,26,3,0,1
17/04/1993,53,34,0,0,1
17/04/1993,108,101,0,2,2
17/04/1993,73,79,0,1,2
17/04/1993,18,22,1,1,2
17/04/1993,65,68,1,2,2
17/04/1993,75,25,0,1,2
17/04/1993,103,9,1,0,2
17/04/1993,96,58,2,2,2
17/04/1993,76,17,1,1,2
17/04/1993,8,92,3,1,2
17/04/1993,98,54,1,1,2
17/04/1993,37,45,2,1,2
17/04/1993,105,15,4,0,2
17/04/1993,80,55,1,4,3
17/04/1993,50,2,3,0,3
17/04/1993,43,11,1,0,3
17/04/1993,28,49,0,2,3
17/04/1993,95,47,0,1,3
17/04/1993,19,40,3,1,3
17/04/1993,62,104,0,3,3
17/04/1993,97,84,2,0,3
17/04/1993,106,78,0,4,3
17/04/1993,14,12,2,1,3
17/04/1993,77,16,3,2,3
17/04/1993,90,99,0,1,4
17/04/1993,56,83,1,2,4
17/04/1993,38,29,2,1,4
17/04/1993,109,23,0,2,4
17/04/1993,112,86,1,0,4
17/04/1993,24,48,0,0,4
17/04/1993,21,46,1,2,4
17/04/1993,102,33,1,0,4
17/04/1993,87,36,1,3,4
16/04/1993,94,82,2,2,3
16/04/1993,30,44,3,0,4
14/04/1993,71,53,4,2,1
14/04/1993,92,18,3,0,2
14/04/1993,54,65,3,0,2
14/04/1993,16,50,2,0,3
13/04/1993,74,88,1,1,1
13/04/1993,58,105,2,0,2
13/04/1993,22,103,1,1,2
13/04/1993,78,14,1,2,3
13/04/1993,11,28,2,0,3
13/04/1993,2,19,1,1,3
13/04/1993,99,7,0,1,4
13/04/1993,83,21,1,2,4
13/04/1993,86,30,0,1,4
12/04/1993,26,107,4,2,1
12/04/1993,89,91,5,2,1
12/04/1993,10,51,2,1,1
12/04/1993,72,100,2,1,1
12/04/1993,31,61,0,1,1
12/04/1993,34,64,4,1,1
12/04/1993,5,6,0,1,1
12/04/1993,39,81,3,5,1
12/04/1993,60,57,1,1,1
12/04/1993,79,37,3,0,2
12/04/1993,25,76,0,1,2
12/04/1993,9,98,4,6,2
12/04/1993,101,8,2,1,2
12/04/1993,17,108,1,0,2
12/04/1993,15,73,2,2,2
12/04/1993,45,96,1,0,2
12/04/1993,55,94,3,0,3
12/04/1993,49,106,2,1,3
12/04/1993,82,62,3,1,3
12/04/1993,12,97,3,1,3
12/04/1993,84,95,0,2,3
12/04/1993,47,43,0,3,3
12/04/1993,40,80,0,1,3
12/04/1993,104,77,2,5,3
12/04/1993,44,87,1,1,4
12/04/1993,70,102,0,0,4
12/04/1993,33,90,2,2,4
12/04/1993,29,109,2,3,4
12/04/1993,46,112,0,1,4
12/04/1993,48,24,1,0,4
12/04/1993,36,38,1,2,4
12/04/1993,23,56,3,1,4
11/04/1993,105,54,3,0,2
10/04/1993,57,74,1,0,1
10/04/1993,81,72,4,3,1
10/04/1993,51,5,1,2,1
10/04/1993,6,31,0,0,1
10/04/1993,64,39,1,2,1
10/04/1993,91,26,1,0,1
10/04/1993,61,89,2,1,1
10/04/1993,53,10,5,2,1
10/04/1993,108,68,1,0,2
10/04/1993,73,25,2,0,2
10/04/1993,18,79,1,2,2
10/04/1993,65,101,0,0,2
10/04/1993,75,17,2,0,2
10/04/1993,103,92,0,0,2
10/04/1993,96,9,1,2,2
10/04/1993,76,22,1,0,2
10/04/1993,8,45,0,2,2
10/04/1993,98,58,1,0,2
10/04/1993,37,15,3,2,2
10/04/1993,80,49,2,1,3
10/04/1993,50,47,3,2,3
10/04/1993,43,55,1,0,3
10/04/1993,28,104,1,3,3
10/04/1993,95,82,2,0,3
10/04/1993,19,16,1,3,3
10/04/1993,62,78,0,1,3
10/04/1993,97,2,2,1,3
10/04/1993,106,12,0,2,3
10/04/1993,14,11,2,0,3
10/04/1993,77,40,0,3,3
10/04/1993,90,48,1,1,4
10/04/1993,56,29,1,1,4
10/04/1993,38,46,0,1,4
10/04/1993,109,33,2,0,4
10/04/1993,7,86,3,1,4
10/04/1993,112,23,3,1,4
10/04/1993,24,36,2,2,4
10/04/1993,102,99,2,2,4
10/04/1993,87,83,5,1,4
09/04/1993,88,60,1,1,1
09/04/1993,100,71,5,1,1
09/04/1993,94,84,2,2,3
07/04/1993,72,10,1,3,1
07/04/1993,74,89,1,1,1
07/04/1993,68,8,6,0,2
07/04/1993,92,105,1,0,2
07/04/1993,58,108,1,1,2
07/04/1993,54,75,2,1,2
07/04/1993,49,95,1,0,3
07/04/1993,82,28,1,0,3
07/04/1993,16,62,3,1,3
07/04/1993,104,97,3,0,3
06/04/1993,88,53,2,1,1
06/04/1993,51,26,1,1,1
06/04/1993,64,5,1,0,1
06/04/1993,79,76,4,0,2
06/04/1993,25,103,3,1,2
06/04/1993,9,37,1,1,2
06/04/1993,101,98,3,1,2
06/04/1993,17,18,2,1,2
06/04/1993,15,96,1,1,2
06/04/1993,45,65,1,0,2
06/04/1993,22,73,3,0,2
06/04/1993,55,19,3,2,3
06/04/1993,78,80,2,2,3
06/04/1993,11,106,2,1,3
06/04/1993,12,94,2,1,3
06/04/1993,2,14,1,1,3
06/04/1993,84,43,1,1,3
06/04/1993,40,50,1,1,3
06/04/1993,99,30,2,2,4
06/04/1993,44,90,1,0,4
06/04/1993,70,21,1,0,4
06/04/1993,83,7,0,1,4
06/04/1993,33,24,4,0,4
06/04/1993,29,112,1,1,4
06/04/1993,48,87,2,2,4
06/04/1993,86,109,1,1,4
06/04/1993,36,102,1,2,4
06/04/1993,23,38,1,1,4
05/04/1993,71,61,1,3,1
05/04/1993,47,77,1,0,3
04/04/1993,72,6,0,1,1
03/04/1993,26,64,4,0,1
03/04/1993,10,57,4,1,1
03/04/1993,31,91,2,0,1
03/04/1993,74,107,6,2,1
03/04/1993,34,81,1,1,1
03/04/1993,60,51,3,1,1
03/04/1993,25,8,0,0,2
03/04/1993,9,105,1,2,2
03/04/1993,73,17,0,0,2
03/04/1993,45,108,1,0,2
03/04/1993,18,54,0,0,2
03/04/1993,65,79,1,1,2
03/04/1993,75,15,0,2,2
03/04/1993,103,58,0,0,2
03/04/1993,96,92,2,4,2
03/04/1993,98,76,1,0,2
03/04/1993,22,68,0,3,2
03/04/1993,78,82,3,1,3
03/04/1993,11,77,1,1,3
03/04/1993,2,28,0,0,3
03/04/1993,84,55,1,1,3
03/04/1993,94,95,1,1,3
03/04/1993,19,47,3,0,3
03/04/1993,40,14,0,1,3
03/04/1993,104,16,3,1,3
03/04/1993,62,12,1,1,3
03/04/1993,106,50,2,0,3
03/04/1993,90,24,2,3,4
03/04/1993,7,46,0,0,4
03/04/1993,21,87,0,0,4
03/04/1993,29,102,2,1,4
03/04/1993,86,23,1,3,4
02/04/1993,101,37,2,1,2
02/04/1993,43,49,0,1,3
02/04/1993,109,36,1,1,4
02/04/1993,44,112,1,4,4
02/04/1993,70,83,1,0,4
02/04/1993,33,48,1,1,4
01/04/1993,107,34,4,0,1
31/03/1993,78,95,0,2,3
31/03/1993,16,11,1,1,3
30/03/1993,12,84,2,0,3
30/03/1993,77,49,1,3,3
30/03/1993,21,90,0,0,4
30/03/1993,86,7,2,2,4
30/03/1993,87,70,5,0,4
28/03/1993,68,9,2,2,2
28/03/1993,17,45,1,0,2
28/03/1993,105,65,2,2,2
28/03/1993,14,104,2,2,3
27/03/1993,79,75,3,0,2
27/03/1993,108,96,2,1,2
27/03/1993,58,22,2,0,2
27/03/1993,15,98,0,0,2
27/03/1993,76,103,0,0,2
27/03/1993,8,18,2,1,2
27/03/1993,54,25,3,1,2
27/03/1993,55,106,1,2,3
27/03/1993,80,84,5,2,3
27/03/1993,49,19,1,1,3
27/03/1993,50,78,0,1,3
27/03/1993,82,2,3,2,3
27/03/1993,12,43,1,0,3
27/03/1993,16,97,0,2,3
27/03/1993,28,40,0,3,3
27/03/1993,47,62,0,1,3
27/03/1993,95,11,0,1,3
27/03/1993,77,94,3,4,3
27/03/1993,56,33,1,1,4
27/03/1993,83,30,5,2,4
27/03/1993,24,38,1,1,4
27/03/1993,102,90,1,1,4
27/03/1993,48,21,3,1,4
27/03/1993,36,44,1,1,4
27/03/1993,87,99,2,2,4
27/03/1993,23,7,1,1,4
26/03/1993,92,101,1,2,2
26/03/1993,112,70,2,1,4
26/03/1993,46,109,0,1,4
24/03/1993,89,107,1,1,1
24/03/1993,100,60,3,1,1
24/03/1993,81,10,0,3,1
24/03/1993,71,6,1,0,1
24/03/1993,31,88,1,3,1
24/03/1993,91,72,1,2,1
24/03/1993,39,51,3,0,1
24/03/1993,61,5,0,0,1
24/03/1993,53,26,1,1,1
24/03/1993,18,76,3,1,2
24/03/1993,65,58,1,0,2
24/03/1993,96,37,1,0,2
24/03/1993,98,17,2,1,2
24/03/1993,104,80,3,2,3
23/03/1993,34,57,1,1,1
23/03/1993,25,108,0,1,2
23/03/1993,9,8,3,0,2
23/03/1993,101,79,0,2,2
23/03/1993,73,92,4,0,2
23/03/1993,45,15,0,1,2
23/03/1993,75,105,1,0,2
23/03/1993,103,68,1,0,2
23/03/1993,22,54,1,3,2
23/03/1993,43,16,2,0,3
23/03/1993,78,49,1,0,3
23/03/1993,11,50,5,1,3
23/03/1993,2,77,1,3,3
23/03/1993,84,14,2,0,3
23/03/1993,94,47,4,1,3
23/03/1993,19,12,0,1,3
23/03/1993,40,82,0,0,3
23/03/1993,62,55,3,0,3
23/03/1993,97,95,1,2,3
23/03/1993,106,28,1,2,3
23/03/1993,44,56,3,1,4
23/03/1993,70,24,2,0,4
23/03/1993,30,48,3,1,4
23/03/1993,21,23,1,0,4
23/03/1993,33,112,3,1,4
23/03/1993,29,46,2,1,4
23/03/1993,86,87,1,2,4
22/03/1993,64,74,2,3,1
21/03/1993,72,53,1,1,1
21/03/1993,92,65,3,3,2
21/03/1993,8,96,2,0,2
21/03/1993,37,98,2,1,2
20/03/1993,26,100,1,1,1
20/03/1993,88,34,0,1,1
20/03/1993,57,39,1,0,1
20/03/1993,10,64,1,1,1
20/03/1993,51,31,0,0,1
20/03/1993,74,81,2,2,1
20/03/1993,107,71,3,0,1
20/03/1993,5,91,4,3,1
20/03/1993,6,89,2,0,1
20/03/1993,60,61,1,1,1
20/03/1993,79,25,1,0,2
20/03/1993,68,73,4,0,2
20/03/1993,108,22,1,2,2
20/03/1993,58,18,1,1,2
20/03/1993,17,103,2,1,2
20/03/1993,15,9,0,2,2
20/03/1993,76,75,1,1,2
20/03/1993,105,101,2,0,2
20/03/1993,54,45,3,0,2
20/03/1993,55,78,0,1,3
20/03/1993,80,94,2,3,3
20/03/1993,49,11,5,2,3
20/03/1993,50,62,1,0,3
20/03/1993,82,19,1,0,3
20/03/1993,12,40,4,1,3
20/03/1993,16,2,1,0,3
20/03/1993,47,104,2,2,3
20/03/1993,95,43,1,0,3
20/03/1993,14,106,2,1,3
20/03/1993,77,97,0,1,3
20/03/1993,56,86,3,0,4
20/03/1993,112,21,1,2,4
20/03/1993,83,99,1,0,4
20/03/1993,24,30,0,2,4
20/03/1993,46,90,1,1,4
20/03/1993,102,7,2,0,4
20/03/1993,48,44,3,1,4
20/03/1993,36,70,3,1,4
20/03/1993,87,109,0,0,4
20/03/1993,23,29,2,1,4
19/03/1993,28,84,1,2,3
17/03/1993,72,71,0,3,1
17/03/1993,58,98,0,0,2
17/03/1993,49,80,1,0,3
16/03/1993,9,96,1,0,2
16/03/1993,45,101,0,0,2
16/03/1993,8,73,0,0,2
16/03/1993,22,76,2,2,2
16/03/1993,19,2,1,1,3
16/03/1993,21,83,2,2,4
15/03/1993,34,26,1,1,1
14/03/1993,61,6,1,1,1
13/03/1993,81,107,1,2,1
13/03/1993,71,74,1,0,1
13/03/1993,31,5,0,2,1
13/03/1993,64,57,1,2,1
13/03/1993,91,51,4,3,1
13/03/1993,39,72,3,0,1
13/03/1993,53,60,1,0,1
13/03/1993,25,15,1,0,2
13/03/1993,9,17,0,1,2
13/03/1993,101,54,2,3,2
13/03/1993,73,105,1,0,2
13/03/1993,45,58,3,1,2
13/03/1993,18,108,1,1,2
13/03/1993,65,37,1,0,2
13/03/1993,75,92,0,1,2
13/03/1993,103,8,1,2,2
13/03/1993,96,76,3,0,2
13/03/1993,98,68,2,1,2
13/03/1993,22,79,0,1,2
13/03/1993,43,14,1,1,3
13/03/1993,78,12,0,0,3
13/03/1993,11,82,0,1,3
13/03/1993,2,95,1,1,3
13/03/1993,84,77,2,2,3
13/03/1993,94,16,0,0,3
13/03/1993,19,50,2,0,3
13/03/1993,40,47,3,1,3
13/03/1993,104,55,2,0,3
13/03/1993,62,49,1,2,3
13/03/1993,97,28,4,2,3
13/03/1993,99,46,2,0,4
13/03/1993,38,87,0,1,4
13/03/1993,109,56,2,0,4
13/03/1993,44,24,1,0,4
13/03/1993,7,112,1,5,4
13/03/1993,21,36,1,1,4
13/03/1993,29,48,1,0,4
13/03/1993,86,102,4,1,4
12/03/1993,106,80,2,3,3
12/03/1993,30,23,2,4,4
12/03/1993,33,83,1,1,4
10/03/1993,26,39,2,1,1
10/03/1993,88,71,0,1,1
10/03/1993,57,81,1,0,1
10/03/1993,51,89,0,1,1
10/03/1993,6,100,0,0,1
10/03/1993,60,31,1,0,1
10/03/1993,68,25,2,2,2
10/03/1993,92,98,1,1,2
10/03/1993,37,18,3,1,2
10/03/1993,54,96,3,2,2
10/03/1993,49,43,1,0,3
10/03/1993,82,78,1,0,3
10/03/1993,16,104,3,1,3
10/03/1993,14,40,3,1,3
09/03/1993,10,91,0,0,1
09/03/1993,74,61,1,0,1
09/03/1993,107,64,2,0,1
09/03/1993,79,103,1,0,2
09/03/1993,108,73,3,0,2
09/03/1993,58,75,3,1,2
09/03/1993,17,65,0,1,2
09/03/1993,15,101,0,1,2
09/03/1993,76,9,2,1,2
09/03/1993,8,22,2,0,2
09/03/1993,105,45,2,1,2
09/03/1993,55,84,1,1,3
09/03/1993,80,97,1,3,3
09/03/1993,50,106,0,0,3
09/03/1993,12,62,2,1,3
09/03/1993,28,2,1,0,3
09/03/1993,47,19,0,0,3
09/03/1993,95,94,2,1,3
09/03/1993,77,11,2,1,3
09/03/1993,56,99,2,2,4
09/03/1993,112,44,1,1,4
09/03/1993,83,70,0,3,4
09/03/1993,24,90,1,0,4
09/03/1993,102,29,3,2,4
09/03/1993,48,33,0,1,4
09/03/1993,36,109,1,1,4
09/03/1993,87,21,2,0,4
09/03/1993,23,86,1,0,4
07/03/1993,31,39,0,1,1
06/03/1993,57,61,1,2,1
06/03/1993,81,71,3,1,1
06/03/1993,107,91,1,2,1
06/03/1993,79,58,2,1,2
06/03/1993,68,15,5,1,2
06/03/1993,9,75,1,0,2
06/03/1993,73,18,3,0,2
06/03/1993,92,25,0,2,2
06/03/1993,17,101,1,3,2
06/03/1993,65,96,0,0,2
06/03/1993,103,98,0,4,2
06/03/1993,76,45,1,0,2
06/03/1993,8,54,2,3,2
06/03/1993,105,108,3,1,2
06/03/1993,49,84,1,1,3
06/03/1993,43,82,0,0,3
06/03/1993,11,47,1,1,3
06/03/1993,12,55,1,0,3
06/03/1993,2,40,1,3,3
06/03/1993,16,78,0,2,3
06/03/1993,95,28,4,0,3
06/03/1993,104,19,2,0,3
06/03/1993,62,106,2,0,3
06/03/1993,14,50,1,2,3
06/03/1993,77,80,4,0,3
06/03/1993,90,7,1,0,4
06/03/1993,56,70,2,0,4
06/03/1993,99,36,0,2,4
06/03/1993,109,48,2,0,4
06/03/1993,83,23,1,2,4
06/03/1993,33,44,3,1,4
06/03/1993,46,24,0,2,4
06/03/1993,86,21,1,3,4
06/03/1993,87,29,0,1,4
05/03/1993,97,94,2,2,3
05/03/1993,38,112,0,1,4
03/03/1993,72,34,1,1,1
03/03/1993,71,5,1,1,1
03/03/1993,31,89,1,0,1
03/03/1993,39,10,2,1,1
03/03/1993,37,22,0,0,2
03/03/1993,49,16,1,2,3
02/03/1993,88,100,6,0,1
02/03/1993,51,64,0,1,1
02/03/1993,43,2,1,1,3
02/03/1993,84,94,0,2,3
02/03/1993,47,106,0,0,3
02/03/1993,7,44,2,0,4
02/03/1993,29,56,2,1,4
01/03/1993,26,5,1,0,1
28/02/1993,71,10,0,0,1
28/02/1993,101,68,0,3,2
28/02/1993,54,9,2,1,2
27/02/1993,89,57,1,1,1
27/02/1993,100,81,3,2,1
27/02/1993,72,60,0,2,1
27/02/1993,34,31,0,0,1
27/02/1993,6,107,1,0,1
27/02/1993,91,88,3,2,1
27/02/1993,39,74,2,2,1
27/02/1993,61,64,3,0,1
27/02/1993,53,51,1,0,1
27/02/1993,25,17,2,1,2
27/02/1993,108,92,1,1,2
27/02/1993,58,8,2,2,2
27/02/1993,15,76,0,1,2
27/02/1993,45,73,3,3,2
27/02/1993,18,103,0,3,2
27/02/1993,75,37,0,1,2
27/02/1993,96,105,0,0,2
27/02/1993,98,79,1,0,2
27/02/1993,22,65,1,1,2
27/02/1993,55,95,1,0,3
27/02/1993,80,11,3,3,3
27/02/1993,50,43,1,1,3
27/02/1993,78,104,2,1,3
27/02/1993,82,49,2,1,3
27/02/1993,28,77,1,2,3
27/02/1993,47,12,0,2,3
27/02/1993,19,14,2,2,3
27/02/1993,40,97,0,2,3
27/02/1993,106,16,1,2,3
27/02/1993,44,38,1,1,4
27/02/1993,70,86,1,3,4
27/02/1993,112,87,5,1,4
27/02/1993,24,83,3,0,4
27/02/1993,21,109,3,1,4
27/02/1993,29,99,1,0,4
27/02/1993,102,56,1,2,4
27/02/1993,36,90,0,2,4
27/02/1993,23,33,1,1,4
26/02/1993,84,2,1,2,3
26/02/1993,94,62,0,1,3
26/02/1993,30,46,2,1,4
24/02/1993,72,81,1,0,1
24/02/1993,5,53,0,0,1
24/02/1993,68,18,0,0,2
24/02/1993,37,54,2,0,2
23/02/1993,60,89,1,2,1
23/02/1993,75,45,0,1,2
23/02/1993,98,101,2,0,2
22/02/1993,88,74,2,0,1
21/02/1993,10,26,2,0,1
21/02/1993,73,76,1,0,2
21/02/1993,92,15,3,0,2
21/02/1993,105,68,0,0,2
20/02/1993,89,34,2,1,1
20/02/1993,57,51,0,0,1
20/02/1993,100,53,4,0,1
20/02/1993,81,31,2,0,1
20/02/1993,71,60,2,1,1
20/02/1993,74,5,0,1,1
20/02/1993,107,88,2,0,1
20/02/1993,6,39,2,1,1
20/02/1993,64,72,1,2,1
20/02/1993,61,91,2,1,1
20/02/1993,79,54,1,1,2
20/02/1993,108,75,0,1,2
20/02/1993,58,25,1,0,2
20/02/1993,45,9,1,1,2
20/02/1993,18,101,1,0,2
20/02/1993,65,8,0,4,2
20/02/1993,96,17,0,0,2
20/02/1993,22,98,1,0,2
20/02/1993,37,103,1,2,2
20/02/1993,49,55,1,1,3
20/02/1993,43,106,1,0,3
20/02/1993,11,12,1,1,3
20/02/1993,82,80,4,0,3
20/02/1993,2,62,4,1,3
20/02/1993,16,40,3,0,3
20/02/1993,84,78,4,1,3
20/02/1993,28,47,1,0,3
20/02/1993,94,104,5,1,3
20/02/1993,95,14,1,0,3
20/02/1993,97,50,1,0,3
20/02/1993,77,19,1,2,3
20/02/1993,90,30,4,3,4
20/02/1993,56,48,2,0,4
20/02/1993,99,112,1,0,4
20/02/1993,109,44,2,0,4
20/02/1993,7,38,2,0,4
20/02/1993,21,24,6,0,4
20/02/1993,46,33,1,2,4
20/02/1993,102,87,3,2,4
20/02/1993,86,83,1,1,4
20/02/1993,36,29,1,1,4
19/02/1993,70,23,1,2,4
16/02/1993,94,78,2,0,3
16/02/1993,19,80,2,0,3
16/02/1993,62,47,2,0,3
16/02/1993,106,49,1,0,3
16/02/1993,38,33,1,1,4
16/02/1993,29,44,1,1,4
16/02/1993,46,56,2,1,4
14/02/1993,15,22,0,1,2
14/02/1993,14,49,0,1,3
13/02/1993,26,6,0,1,1
13/02/1993,91,57,2,1,1
13/02/1993,53,74,2,0,1
13/02/1993,25,96,0,1,2
13/02/1993,9,79,2,3,2
13/02/1993,101,58,0,2,2
13/02/1993,103,105,1,2,2
13/02/1993,76,108,2,3,2
13/02/1993,98,65,3,0,2
13/02/1993,55,77,2,0,3
13/02/1993,80,16,1,0,3
13/02/1993,50,82,1,1,3
13/02/1993,78,97,2,0,3
13/02/1993,47,2,0,1,3
13/02/1993,19,28,5,0,3
13/02/1993,40,94,2,2,3
13/02/1993,104,43,4,0,3
13/02/1993,62,11,2,2,3
13/02/1993,106,84,1,1,3
13/02/1993,38,109,1,1,4
13/02/1993,44,86,3,1,4
13/02/1993,112,102,0,1,4
13/02/1993,30,21,0,0,4
13/02/1993,83,90,2,0,4
13/02/1993,24,7,0,1,4
13/02/1993,33,36,1,0,4
13/02/1993,48,70,3,2,4
13/02/1993,87,56,1,1,4
13/02/1993,23,99,4,0,4
10/02/1993,26,57,0,0,1
10/02/1993,34,6,1,0,1
10/02/1993,5,107,0,1,1
10/02/1993,91,71,3,0,1
10/02/1993,39,100,1,2,1
10/02/1993,92,17,1,1,2
10/02/1993,37,8,3,0,2
09/02/1993,88,64,2,0,1
09/02/1993,51,81,1,1,1
09/02/1993,79,68,2,0,2
09/02/1993,9,65,0,0,2
09/02/1993,58,15,0,0,2
09/02/1993,96,75,2,0,2
09/02/1993,105,76,2,1,2
09/02/1993,78,47,2,0,3
09/02/1993,84,50,0,1,3
09/02/1993,94,12,2,0,3
08/02/1993,53,61,0,0,1
07/02/1993,100,91,4,2,1
06/02/1993,89,39,3,1,1
06/02/1993,57,72,0,0,1
06/02/1993,81,60,1,1,1
06/02/1993,74,26,3,1,1
06/02/1993,107,53,1,0,1
06/02/1993,6,51,2,0,1
06/02/1993,64,31,0,2,1
06/02/1993,61,88,2,1,1
06/02/1993,79,17,2,3,2
06/02/1993,108,15,1,2,2
06/02/1993,73,9,3,1,2
06/02/1993,58,54,2,0,2
06/02/1993,45,25,1,0,2
06/02/1993,18,75,0,1,2
06/02/1993,65,103,5,2,2
06/02/1993,96,98,0,1,2
06/02/1993,22,101,0,1,2
06/02/1993,37,76,2,3,2
06/02/1993,105,8,1,1,2
06/02/1993,49,12,1,1,3
06/02/1993,43,78,1,2,3
06/02/1993,11,104,2,1,3
06/02/1993,82,47,2,0,3
06/02/1993,2,80,2,1,3
06/02/1993,16,55,1,3,3
06/02/1993,84,40,1,1,3
06/02/1993,28,14,2,5,3
06/02/1993,95,50,3,0,3
06/02/1993,77,62,3,2,3
06/02/1993,90,112,1,1,4
06/02/1993,56,30,1,1,4
06/02/1993,99,33,1,2,4
06/02/1993,70,44,2,2,4
06/02/1993,7,29,2,1,4
06/02/1993,21,38,3,0,4
06/02/1993,46,83,2,3,4
06/02/1993,102,24,2,1,4
06/02/1993,86,48,2,0,4
06/02/1993,36,23,0,2,4
05/02/1993,94,106,3,0,3
05/02/1993,97,19,1,1,3
02/02/1993,10,34,1,2,1
31/01/1993,5,57,0,1,1
31/01/1993,68,37,1,1,2
30/01/1993,26,89,0,2,1
30/01/1993,88,81,1,2,1
30/01/1993,72,74,2,0,1
30/01/1993,51,61,2,1,1
30/01/1993,31,107,0,2,1
30/01/1993,34,100,1,3,1
30/01/1993,91,6,2,0,1
30/01/1993,39,71,0,1,1
30/01/1993,60,10,3,2,1
30/01/1993,53,64,3,0,1
30/01/1993,25,73,2,1,2
30/01/1993,9,22,0,2,2
30/01/1993,17,58,0,0,2
30/01/1993,15,18,0,3,2
30/01/1993,75,65,3,0,2
30/01/1993,103,45,2,3,2
30/01/1993,76,92,1,0,2
30/01/1993,8,79,1,1,2
30/01/1993,98,108,1,0,2
30/01/1993,54,105,1,2,2
30/01/1993,55,82,1,2,3
30/01/1993,80,43,1,2,3
30/01/1993,78,2,3,0,3
30/01/1993,12,16,0,1,3
30/01/1993,28,50,3,0,3
30/01/1993,47,84,0,2,3
30/01/1993,19,94,1,1,3
30/01/1993,40,11,0,1,3
30/01/1993,104,49,2,2,3
30/01/1993,62,97,3,3,3
30/01/1993,106,95,1,1,3
30/01/1993,14,77,0,0,3
30/01/1993,112,56,2,0,4
30/01/1993,83,109,1,2,4
30/01/1993,33,86,2,3,4
30/01/1993,29,70,1,3,4
30/01/1993,48,36,1,1,4
30/01/1993,87,46,4,1,4
30/01/1993,23,102,2,1,4
29/01/1993,38,90,0,1,4
29/01/1993,30,7,1,2,4
27/01/1993,100,51,0,2,1
27/01/1993,81,26,1,1,1
27/01/1993,71,34,4,2,1
27/01/1993,6,88,3,1,1
27/01/1993,61,72,2,0,1
27/01/1993,108,8,1,0,2
27/01/1993,92,9,4,0,2
27/01/1993,58,68,0,0,2
27/01/1993,18,25,0,2,2
27/01/1993,65,76,4,0,2
27/01/1993,96,103,1,2,2
27/01/1993,105,17,2,0,2
27/01/1993,49,47,3,0,3
27/01/1993,82,12,1,2,3
27/01/1993,16,14,1,1,3
27/01/1993,95,40,1,1,3
26/01/1993,10,31,2,5,1
26/01/1993,74,60,0,1,1
26/01/1993,107,39,1,3,1
26/01/1993,64,91,2,1,1
26/01/1993,73,101,5,1,2
26/01/1993,45,98,2,1,2
26/01/1993,11,55,3,1,3
26/01/1993,2,104,0,1,3
26/01/1993,84,19,0,1,3
26/01/1993,28,80,2,4,3
26/01/1993,77,50,0,0,3
26/01/1993,90,87,2,1,4
26/01/1993,56,24,2,1,4
26/01/1993,99,38,1,2,4
26/01/1993,109,112,3,0,4
26/01/1993,70,33,0,2,4
26/01/1993,21,29,3,0,4
26/01/1993,46,23,0,1,4
26/01/1993,102,48,1,1,4
23/01/1993,31,74,3,0,1
23/01/1993,79,15,1,0,2
23/01/1993,22,75,2,2,2
23/01/1993,54,73,1,1,2
23/01/1993,55,40,5,0,3
23/01/1993,80,14,3,2,3
23/01/1993,104,95,1,2,3
23/01/1993,62,19,1,1,3
23/01/1993,106,82,1,1,3
23/01/1993,77,43,1,1,3
23/01/1993,56,38,2,1,4
23/01/1993,109,102,3,1,4
23/01/1993,44,23,0,1,4
23/01/1993,70,99,0,1,4
23/01/1993,24,29,3,1,4
23/01/1993,48,7,1,1,4
23/01/1993,86,46,2,0,4
23/01/1993,36,83,0,4,4
22/01/1993,9,76,2,0,2
22/01/1993,94,28,2,0,3
22/01/1993,30,112,0,0,4
20/01/1993,92,68,1,1,2
19/01/1993,112,24,2,2,4
18/01/1993,81,61,1,3,1
17/01/1993,6,64,5,1,1
17/01/1993,108,9,2,1,2
17/01/1993,65,15,6,1,2
16/01/1993,88,51,3,0,1
16/01/1993,100,89,0,2,1
16/01/1993,72,26,3,0,1
16/01/1993,71,31,1,1,1
16/01/1993,74,10,0,1,1
16/01/1993,107,57,2,0,1
16/01/1993,91,34,1,0,1
16/01/1993,39,53,2,0,1
16/01/1993,60,5,0,1,1
16/01/1993,68,76,3,0,2
16/01/1993,92,37,0,0,2
16/01/1993,58,73,0,0,2
16/01/1993,18,96,2,2,2
16/01/1993,8,17,2,1,2
16/01/1993,98,25,2,2,2
16/01/1993,22,45,2,0,2
16/01/1993,105,79,2,0,2
16/01/1993,54,103,5,2,2
16/01/1993,49,2,0,1,3
16/01/1993,50,55,0,0,3
16/01/1993,43,94,2,1,3
16/01/1993,11,84,2,0,3
16/01/1993,82,16,3,0,3
16/01/1993,12,77,3,1,3
16/01/1993,28,78,1,2,3
16/01/1993,47,80,0,0,3
16/01/1993,95,62,4,0,3
16/01/1993,19,106,0,1,3
16/01/1993,40,104,2,3,3
16/01/1993,14,97,0,0,3
16/01/1993,90,56,3,2,4
16/01/1993,99,21,0,1,4
16/01/1993,38,86,4,3,4
16/01/1993,7,109,3,1,4
16/01/1993,112,36,0,0,4
16/01/1993,83,48,1,3,4
16/01/1993,29,30,4,0,4
16/01/1993,46,70,2,2,4
16/01/1993,102,44,1,1,4
16/01/1993,87,24,0,0,4
15/01/1993,101,75,4,0,2
12/01/1993,98,9,0,0,2
12/01/1993,36,24,1,1,4
10/01/1993,89,71,1,0,1
10/01/1993,37,105,0,2,2
09/01/1993,26,60,2,4,1
09/01/1993,57,6,1,2,1
09/01/1993,10,107,0,0,1
09/01/1993,51,74,1,2,1
09/01/1993,31,72,0,1,1
09/01/1993,34,39,0,2,1
09/01/1993,5,88,1,1,1
09/01/1993,64,81,0,1,1
09/01/1993,61,100,4,1,1
09/01/1993,53,91,2,1,1
09/01/1993,79,92,2,0,2
09/01/1993,25,101,2,2,2
09/01/1993,9,58,2,1,2
09/01/1993,73,65,1,2,2
09/01/1993,17,68,1,2,2
09/01/1993,15,54,1,3,2
09/01/1993,45,18,2,0,2
09/01/1993,75,98,0,1,2
09/01/1993,103,108,3,1,2
09/01/1993,96,22,3,3,2
09/01/1993,76,8,1,1,2
09/01/1993,55,47,0,0,3
09/01/1993,80,50,1,2,3
09/01/1993,78,19,3,0,3
09/01/1993,2,11,5,1,3
09/01/1993,16,95,2,2,3
09/01/1993,84,82,3,2,3
09/01/1993,94,14,2,2,3
09/01/1993,104,12,3,1,3
09/01/1993,62,28,2,0,3
09/01/1993,97,43,2,2,3
09/01/1993,106,40,0,1,3
09/01/1993,109,99,4,2,4
09/01/1993,24,23,1,2,4
09/01/1993,21,102,2,1,4
09/01/1993,33,29,0,2,4
09/01/1993,48,112,1,1,4
09/01/1993,36,46,0,3,4
08/01/1993,44,83,4,2,4
08/01/1993,70,7,1,1,4
08/01/1993,30,38,2,0,4
05/01/1993,11,97,0,0,3
02/01/1993,28,55,1,3,3
02/01/1993,14,62,0,0,3
02/01/1993,90,109,0,1,4
02/01/1993,99,86,1,3,4
02/01/1993,38,83,1,1,4
02/01/1993,7,36,0,0,4
02/01/1993,102,30,1,3,4
02/01/1993,23,48,2,1,4
29/12/1992,112,46,1,1,4
29/12/1992,30,86,1,0,4
28/12/1992,57,60,1,1,1
28/12/1992,100,72,2,1,1
28/12/1992,81,39,4,2,1
28/12/1992,51,10,2,1,1
28/12/1992,107,26,0,0,1
28/12/1992,6,5,1,0,1
28/12/1992,64,34,0,1,1
28/12/1992,91,89,1,2,1
28/12/1992,61,31,5,0,1
28/12/1992,53,71,0,0,1
28/12/1992,108,17,0,0,2
28/12/1992,73,15,1,1,2
28/12/1992,18,92,0,2,2
28/12/1992,65,54,2,0,2
28/12/1992,75,68,4,2,2
28/12/1992,103,22,2,2,2
28/12/1992,96,45,2,0,2
28/12/1992,76,25,1,1,2
28/12/1992,8,101,3,1,2
28/12/1992,37,79,2,4,2
28/12/1992,105,58,2,2,2
28/12/1992,80,40,2,2,3
28/12/1992,50,16,1,0,3
28/12/1992,43,47,1,3,3
28/12/1992,28,11,1,2,3
28/12/1992,94,55,1,1,3
28/12/1992,95,84,2,0,3
28/12/1992,62,82,1,1,3
28/12/1992,97,12,1,2,3
28/12/1992,14,78,3,2,3
28/12/1992,77,104,0,0,3
28/12/1992,90,33,4,1,4
28/12/1992,56,23,3,2,4
28/12/1992,38,36,0,1,4
28/12/1992,109,29,5,4,4
28/12/1992,7,99,5,4,4
28/12/1992,102,70,2,0,4
28/12/1992,87,44,2,2,4
26/12/1992,26,91,1,1,1
26/12/1992,89,61,3,3,1
26/12/1992,10,53,3,1,1
26/12/1992,71,100,0,0,1
26/12/1992,31,6,3,0,1
26/12/1992,34,107,2,0,1
26/12/1992,5,51,0,0,1
26/12/1992,39,64,2,2,1
26/12/1992,60,88,2,0,1
26/12/1992,79,18,4,1,2
26/12/1992,25,105,1,1,2
26/12/1992,68,108,2,1,2
26/12/1992,101,65,1,1,2
26/12/1992,92,103,1,2,2
26/12/1992,17,75,1,1,2
26/12/1992,15,37,2,1,2
26/12/1992,45,8,4,2,2
26/12/1992,55,43,0,0,3
26/12/1992,11,14,3,3,3
26/12/1992,82,95,0,1,3
26/12/1992,12,106,2,1,3
26/12/1992,2,97,0,2,3
26/12/1992,16,19,3,0,3
26/12/1992,47,50,1,0,3
26/12/1992,40,77,2,0,3
26/12/1992,104,28,2,0,3
26/12/1992,99,102,0,1,4
26/12/1992,44,21,1,4,4
26/12/1992,70,30,1,0,4
26/12/1992,83,87,2,0,4
26/12/1992,33,109,0,1,4
26/12/1992,46,38,2,2,4
26/12/1992,48,90,1,1,4
26/12/1992,23,112,3,3,4
21/12/1992,71,51,0,2,1
20/12/1992,72,107,1,1,1
20/12/1992,34,53,1,0,1
20/12/1992,68,65,1,1,2
20/12/1992,15,105,0,0,2
20/12/1992,45,37,0,2,2
20/12/1992,54,98,4,2,2
20/12/1992,11,43,1,1,3
20/12/1992,104,62,2,0,3
20/12/1992,99,90,1,0,4
19/12/1992,26,61,1,1,1
19/12/1992,89,81,1,0,1
19/12/1992,10,88,1,0,1
19/12/1992,31,57,5,1,1
19/12/1992,74,100,2,1,1
19/12/1992,5,64,1,1,1
19/12/1992,39,91,2,1,1
19/12/1992,60,6,1,1,1
19/12/1992,79,73,0,0,2
19/12/1992,25,75,1,1,2
19/12/1992,9,103,2,2,2
19/12/1992,101,108,3,0,2
19/12/1992,92,8,3,0,2
19/12/1992,58,96,0,0,2
19/12/1992,17,76,0,1,2
19/12/1992,49,28,0,2,3
19/12/1992,78,106,2,2,3
19/12/1992,82,94,2,4,3
19/12/1992,12,14,5,0,3
19/12/1992,2,50,0,0,3
19/12/1992,16,77,2,1,3
19/12/1992,47,95,1,2,3
19/12/1992,40,19,2,2,3
19/12/1992,83,56,5,1,4
19/12/1992,29,38,0,0,4
19/12/1992,46,21,0,1,4
19/12/1992,86,112,4,2,4
19/12/1992,36,87,2,2,4
18/12/1992,22,18,0,1,2
18/12/1992,55,80,3,1,3
18/12/1992,84,97,0,0,3
18/12/1992,44,30,0,1,4
18/12/1992,23,109,1,2,4
13/12/1992,57,10,2,1,1
13/12/1992,18,17,4,0,2
13/12/1992,75,54,0,0,2
13/12/1992,103,25,1,1,2
13/12/1992,8,68,1,0,2
12/12/1992,88,39,1,0,1
12/12/1992,100,5,1,0,1
12/12/1992,81,34,1,3,1
12/12/1992,51,60,3,1,1
12/12/1992,107,74,5,2,1
12/12/1992,6,72,2,1,1
12/12/1992,91,31,2,2,1
12/12/1992,61,71,1,0,1
12/12/1992,53,89,3,1,1
12/12/1992,108,58,1,2,2
12/12/1992,73,22,1,0,2
12/12/1992,65,45,2,1,2
12/12/1992,96,15,1,3,2
12/12/1992,76,79,1,1,2
12/12/1992,37,9,3,1,2
12/12/1992,105,92,2,0,2
12/12/1992,80,78,2,5,3
12/12/1992,50,40,4,0,3
12/12/1992,43,84,0,1,3
12/12/1992,28,82,0,3,3
12/12/1992,95,49,3,0,3
12/12/1992,19,55,2,0,3
12/12/1992,62,16,1,3,3
12/12/1992,97,104,0,0,3
12/12/1992,106,11,2,1,3
12/12/1992,14,2,0,1,3
12/12/1992,77,47,2,2,3
12/12/1992,90,44,2,1,4
12/12/1992,109,86,4,1,4
12/12/1992,7,83,2,0,4
12/12/1992,112,29,0,0,4
12/12/1992,24,33,1,3,4
12/12/1992,21,70,3,3,4
12/12/1992,102,36,2,2,4
12/12/1992,87,48,3,1,4
11/12/1992,64,26,0,0,1
11/12/1992,38,23,0,1,4
11/12/1992,30,99,2,0,4
07/12/1992,39,57,2,1,1
06/12/1992,61,60,2,1,1
06/12/1992,98,37,2,4,2
05/12/1992,89,6,1,2,1
05/12/1992,100,26,1,2,1
05/12/1992,81,74,3,2,1
05/12/1992,71,107,2,1,1
05/12/1992,31,51,2,2,1
05/12/1992,34,88,2,0,1
05/12/1992,64,10,3,2,1
05/12/1992,91,5,2,0,1
05/12/1992,53,72,1,4,1
05/12/1992,25,79,1,0,2
05/12/1992,9,15,1,3,2
05/12/1992,73,68,0,2,2
05/12/1992,45,54,1,3,2
05/12/1992,18,58,2,0,2
05/12/1992,65,92,1,1,2
05/12/1992,103,17,0,0,2
05/12/1992,96,8,2,1,2
05/12/1992,22,108,1,1,2
05/12/1992,43,62,0,0,3
05/12/1992,46,7,1,2,4
04/12/1992,101,105,5,2,2
29/11/1992,26,53,1,0,1
29/11/1992,58,103,2,0,2
29/11/1992,76,98,3,3,2
28/11/1992,88,31,1,1,1
28/11/1992,57,34,5,0,1
28/11/1992,10,81,1,0,1
28/11/1992,72,91,1,2,1
28/11/1992,51,39,1,0,1
28/11/1992,74,64,4,1,1
28/11/1992,107,89,1,1,1
28/11/1992,5,61,0,1,1
28/11/1992,6,71,2,3,1
28/11/1992,60,100,0,1,1
28/11/1992,79,65,1,0,2
28/11/1992,68,22,4,1,2
28/11/1992,108,45,2,1,2
28/11/1992,92,96,0,1,2
28/11/1992,17,73,1,0,2
28/11/1992,15,75,1,0,2
28/11/1992,8,25,1,0,2
28/11/1992,37,101,1,2,2
28/11/1992,105,9,3,1,2
28/11/1992,54,18,0,1,2
28/11/1992,55,62,5,1,3
28/11/1992,80,104,1,1,3
28/11/1992,49,78,1,2,3
28/11/1992,50,11,3,2,3
28/11/1992,82,40,2,3,3
28/11/1992,12,19,4,0,3
28/11/1992,16,43,0,2,3
28/11/1992,28,106,1,2,3
28/11/1992,47,94,3,2,3
28/11/1992,95,97,2,1,3
28/11/1992,14,84,0,3,3
28/11/1992,77,2,2,1,3
28/11/1992,56,44,1,1,4
28/11/1992,112,33,3,1,4
28/11/1992,83,38,1,1,4
28/11/1992,24,70,2,0,4
28/11/1992,46,29,1,1,4
28/11/1992,102,109,1,1,4
28/11/1992,48,30,3,1,4
28/11/1992,36,7,1,0,4
28/11/1992,87,86,1,2,4
28/11/1992,23,21,3,0,4
23/11/1992,81,57,0,1,1
22/11/1992,91,10,1,1,1
22/11/1992,108,25,2,1,2
22/11/1992,7,23,2,1,4
21/11/1992,89,51,1,1,1
21/11/1992,100,6,0,0,1
21/11/1992,71,88,2,1,1
21/11/1992,31,60,2,3,1
21/11/1992,34,72,1,1,1
21/11/1992,64,107,2,0,1
21/11/1992,39,26,0,1,1
21/11/1992,61,74,3,0,1
21/11/1992,53,5,3,0,1
21/11/1992,79,101,4,0,2
21/11/1992,68,103,2,0,2
21/11/1992,92,73,3,1,2
21/11/1992,58,65,1,1,2
21/11/1992,17,98,2,2,2
21/11/1992,15,45,1,3,2
21/11/1992,76,18,1,1,2
21/11/1992,8,9,1,0,2
21/11/1992,37,96,0,1,2
21/11/1992,105,75,5,3,2
21/11/1992,54,22,2,2,2
21/11/1992,43,12,1,4,3
21/11/1992,78,50,1,1,3
21/11/1992,11,95,1,3,3
21/11/1992,2,82,1,1,3
21/11/1992,84,80,1,0,3
21/11/1992,19,49,2,1,3
21/11/1992,40,28,2,0,3
21/11/1992,104,14,1,1,3
21/11/1992,106,55,3,1,3
21/11/1992,90,102,0,3,4
21/11/1992,99,87,0,1,4
21/11/1992,38,24,1,2,4
21/11/1992,109,46,1,1,4
21/11/1992,44,36,3,1,4
21/11/1992,70,112,4,3,4
21/11/1992,30,83,4,4,4
21/11/1992,21,48,2,0,4
21/11/1992,33,56,1,2,4
20/11/1992,94,77,3,0,3
20/11/1992,97,16,0,1,3
15/11/1992,65,105,2,1,2
15/11/1992,96,54,1,2,2
14/11/1992,25,68,1,3,2
14/11/1992,101,15,3,2,2
14/11/1992,73,108,2,2,2
14/11/1992,45,17,2,1,2
14/11/1992,18,37,1,2,2
14/11/1992,75,58,4,0,2
14/11/1992,103,79,0,0,2
14/11/1992,98,92,3,2,2
14/11/1992,22,8,1,2,2
09/11/1992,74,71,2,3,1
08/11/1992,88,89,1,1,1
08/11/1992,68,98,0,0,2
07/11/1992,26,34,3,1,1
07/11/1992,57,64,4,1,1
07/11/1992,10,100,0,2,1
07/11/1992,72,39,0,1,1
07/11/1992,51,91,0,0,1
07/11/1992,107,81,0,2,1
07/11/1992,5,31,3,0,1
07/11/1992,6,61,1,0,1
07/11/1992,60,53,4,0,1
07/11/1992,79,22,3,0,2
07/11/1992,108,18,5,1,2
07/11/1992,92,75,0,3,2
07/11/1992,58,45,1,4,2
07/11/1992,17,9,3,0,2
07/11/1992,15,25,2,0,2
07/11/1992,76,96,5,2,2
07/11/1992,8,103,0,1,2
07/11/1992,37,65,1,2,2
07/11/1992,105,73,2,0,2
07/11/1992,54,101,0,1,2
07/11/1992,55,104,2,0,3
07/11/1992,80,106,2,0,3
07/11/1992,49,62,2,1,3
07/11/1992,50,19,0,2,3
07/11/1992,82,11,0,0,3
07/11/1992,12,78,1,1,3
07/11/1992,16,94,2,0,3
07/11/1992,28,97,3,2,3
07/11/1992,47,40,1,3,3
07/11/1992,95,2,2,0,3
07/11/1992,14,43,3,2,3
07/11/1992,77,84,2,1,3
07/11/1992,56,109,0,0,4
07/11/1992,112,7,2,0,4
07/11/1992,83,33,0,1,4
07/11/1992,24,44,1,0,4
07/11/1992,46,99,0,2,4
07/11/1992,102,86,3,2,4
07/11/1992,48,29,1,3,4
07/11/1992,36,21,0,0,4
07/11/1992,87,38,0,1,4
07/11/1992,23,30,3,1,4
04/11/1992,25,54,2,0,2
04/11/1992,9,68,2,3,2
04/11/1992,65,17,4,1,2
03/11/1992,101,92,3,0,2
03/11/1992,73,37,0,2,2
03/11/1992,45,105,1,1,2
03/11/1992,18,8,1,5,2
03/11/1992,75,79,5,5,2
03/11/1992,103,76,1,2,2
03/11/1992,96,108,2,0,2
03/11/1992,98,15,0,2,2
03/11/1992,22,58,3,3,2
03/11/1992,43,95,0,0,3
03/11/1992,78,55,2,0,3
03/11/1992,11,49,2,2,3
03/11/1992,2,16,1,1,3
03/11/1992,84,28,3,3,3
03/11/1992,94,80,3,0,3
03/11/1992,19,82,1,1,3
03/11/1992,40,12,1,3,3
03/11/1992,104,47,3,1,3
03/11/1992,62,50,3,1,3
03/11/1992,97,77,0,0,3
03/11/1992,106,14,1,2,3
03/11/1992,90,46,1,0,4
03/11/1992,99,83,0,2,4
03/11/1992,109,87,0,2,4
03/11/1992,44,48,3,1,4
03/11/1992,70,36,1,2,4
03/11/1992,7,102,3,0,4
03/11/1992,30,24,2,1,4
03/11/1992,29,23,2,1,4
03/11/1992,86,56,0,1,4
02/11/1992,34,5,1,2,1
01/11/1992,6,81,2,0,1
01/11/1992,25,9,0,0,2
31/10/1992,26,88,1,2,1
31/10/1992,89,10,0,0,1
31/10/1992,100,57,2,0,1
31/10/1992,72,51,0,1,1
31/10/1992,71,64,1,1,1
31/10/1992,91,74,1,0,1
31/10/1992,39,60,1,3,1
31/10/1992,61,107,0,1,1
31/10/1992,53,31,2,2,1
31/10/1992,108,37,0,2,2
31/10/1992,58,92,2,2,2
31/10/1992,15,17,5,1,2
31/10/1992,45,79,3,0,2
31/10/1992,18,65,1,0,2
31/10/1992,75,103,1,1,2
31/10/1992,96,73,2,2,2
31/10/1992,98,8,1,0,2
31/10/1992,22,105,2,1,2
31/10/1992,54,68,2,1,2
31/10/1992,55,97,4,2,3
31/10/1992,80,12,2,2,3
31/10/1992,50,104,1,2,3
31/10/1992,78,11,2,1,3
31/10/1992,82,77,3,0,3
31/10/1992,84,62,2,0,3
31/10/1992,28,16,2,1,3
31/10/1992,47,14,2,0,3
31/10/1992,19,95,0,2,3
31/10/1992,40,43,1,2,3
31/10/1992,106,2,0,0,3
31/10/1992,44,99,0,2,4
31/10/1992,70,90,0,0,4
31/10/1992,7,33,3,2,4
31/10/1992,24,86,2,2,4
31/10/1992,21,112,1,1,4
31/10/1992,29,83,2,3,4
31/10/1992,102,38,3,1,4
31/10/1992,48,46,3,0,4
31/10/1992,36,56,1,3,4
31/10/1992,23,87,3,0,4
30/10/1992,101,76,1,1,2
30/10/1992,94,49,5,0,3
30/10/1992,30,109,2,4,4
25/10/1992,57,71,4,1,1
25/10/1992,107,100,1,1,1
25/10/1992,92,22,1,1,2
25/10/1992,65,108,2,0,2
24/10/1992,88,72,0,0,1
24/10/1992,81,53,2,1,1
24/10/1992,10,61,0,0,1
24/10/1992,51,34,2,2,1
24/10/1992,31,26,1,2,1
24/10/1992,74,6,1,1,1
24/10/1992,5,39,2,0,1
24/10/1992,64,89,1,1,1
24/10/1992,60,91,1,0,1
24/10/1992,79,96,2,0,2
24/10/1992,68,45,0,1,2
24/10/1992,9,18,2,1,2
24/10/1992,73,75,1,1,2
24/10/1992,17,54,2,1,2
24/10/1992,103,101,3,2,2
24/10/1992,76,58,2,3,2
24/10/1992,8,15,3,2,2
24/10/1992,37,25,4,3,2
24/10/1992,105,98,0,1,2
24/10/1992,49,40,0,0,3
24/10/1992,43,28,1,0,3
24/10/1992,11,19,1,3,3
24/10/1992,12,50,2,0,3
24/10/1992,2,94,1,0,3
24/10/1992,16,47,1,1,3
24/10/1992,95,78,2,1,3
24/10/1992,104,84,2,2,3
24/10/1992,62,80,2,2,3
24/10/1992,97,82,2,1,3
24/10/1992,14,55,1,0,3
24/10/1992,77,106,2,0,3
24/10/1992,90,23,3,2,4
24/10/1992,56,7,4,1,4
24/10/1992,99,24,0,2,4
24/10/1992,109,70,0,1,4
24/10/1992,83,102,4,3,4
24/10/1992,33,21,2,1,4
24/10/1992,46,44,2,0,4
24/10/1992,86,29,2,2,4
24/10/1992,87,30,3,1,4
23/10/1992,38,48,2,1,4
21/10/1992,72,64,1,0,1
20/10/1992,80,82,2,0,3
19/10/1992,6,10,0,0,1
18/10/1992,61,57,2,2,1
18/10/1992,25,65,0,2,2
18/10/1992,96,68,1,2,2
18/10/1992,54,76,0,2,2
17/10/1992,26,51,2,1,1
17/10/1992,89,74,2,1,1
17/10/1992,100,64,2,2,1
17/10/1992,72,5,0,1,1
17/10/1992,71,81,2,1,1
17/10/1992,34,60,0,0,1
17/10/1992,91,107,2,2,1
17/10/1992,39,31,1,1,1
17/10/1992,53,88,3,1,1
17/10/1992,108,79,1,1,2
17/10/1992,101,9,4,0,2
17/10/1992,58,37,1,3,2
17/10/1992,15,103,1,1,2
17/10/1992,45,92,1,0,2
17/10/1992,18,105,0,4,2
17/10/1992,75,8,0,0,2
17/10/1992,98,73,5,1,2
17/10/1992,22,17,2,1,2
17/10/1992,55,2,1,0,3
17/10/1992,80,95,1,2,3
17/10/1992,50,49,2,3,3
17/10/1992,78,77,4,0,3
17/10/1992,82,14,1,1,3
17/10/1992,84,16,1,0,3
17/10/1992,28,12,2,2,3
17/10/1992,47,97,0,1,3
17/10/1992,19,43,5,2,3
17/10/1992,40,62,2,0,3
17/10/1992,106,104,1,0,3
17/10/1992,70,38,0,1,4
17/10/1992,7,87,3,0,4
17/10/1992,112,83,3,0,4
17/10/1992,24,109,0,2,4
17/10/1992,21,56,1,2,4
17/10/1992,29,90,2,4,4
17/10/1992,102,46,1,2,4
17/10/1992,48,99,3,1,4
17/10/1992,36,86,2,3,4
16/10/1992,94,11,0,0,3
16/10/1992,30,33,3,2,4
13/10/1992,70,29,0,1,4
11/10/1992,37,75,0,1,2
11/10/1992,105,96,6,0,2
11/10/1992,14,19,1,0,3
10/10/1992,79,98,3,1,2
10/10/1992,68,101,1,0,2
10/10/1992,9,54,0,2,2
10/10/1992,73,45,1,0,2
10/10/1992,92,108,1,1,2
10/10/1992,17,25,2,1,2
10/10/1992,65,22,2,2,2
10/10/1992,103,18,4,2,2
10/10/1992,76,15,0,0,2
10/10/1992,8,58,3,0,2
10/10/1992,49,82,0,0,3
10/10/1992,43,50,3,3,3
10/10/1992,11,80,2,3,3
10/10/1992,12,47,1,2,3
10/10/1992,2,84,0,0,3
10/10/1992,16,106,1,0,3
10/10/1992,95,55,2,1,3
10/10/1992,104,78,0,1,3
10/10/1992,62,94,2,0,3
10/10/1992,97,40,0,0,3
10/10/1992,77,28,2,0,3
10/10/1992,90,36,1,2,4
10/10/1992,56,102,0,2,4
10/10/1992,99,29,2,2,4
10/10/1992,38,44,1,0,4
10/10/1992,109,21,4,2,4
10/10/1992,83,24,2,2,4
10/10/1992,33,23,2,0,4
10/10/1992,46,30,2,4,4
10/10/1992,86,70,4,2,4
10/10/1992,87,112,1,2,4
04/10/1992,74,39,1,0,1
04/10/1992,108,105,0,0,2
04/10/1992,15,68,1,2,2
03/10/1992,88,91,2,0,1
03/10/1992,57,89,1,0,1
03/10/1992,81,100,4,1,1
03/10/1992,10,71,7,1,1
03/10/1992,51,53,4,2,1
03/10/1992,31,34,2,2,1
03/10/1992,107,6,2,3,1
03/10/1992,5,26,2,1,1
03/10/1992,64,61,1,1,1
03/10/1992,60,72,2,2,1
03/10/1992,25,92,1,1,2
03/10/1992,101,17,3,0,2
03/10/1992,58,79,1,4,2
03/10/1992,45,76,1,3,2
03/10/1992,18,73,3,3,2
03/10/1992,75,9,0,0,2
03/10/1992,96,65,2,0,2
03/10/1992,98,103,3,1,2
03/10/1992,22,37,1,3,2
03/10/1992,54,8,2,1,2
03/10/1992,55,12,1,0,3
03/10/1992,80,77,1,2,3
03/10/1992,50,14,0,2,3
03/10/1992,78,16,3,1,3
03/10/1992,84,49,1,0,3
03/10/1992,28,95,1,1,3
03/10/1992,94,97,1,1,3
03/10/1992,19,104,2,1,3
03/10/1992,40,2,1,1,3
03/10/1992,106,62,2,0,3
03/10/1992,44,33,1,2,4
03/10/1992,70,56,0,2,4
03/10/1992,7,90,2,2,4
03/10/1992,112,38,1,1,4
03/10/1992,24,46,1,1,4
03/10/1992,21,86,0,2,4
03/10/1992,29,87,1,2,4
03/10/1992,48,109,1,1,4
03/10/1992,23,83,1,1,4
02/10/1992,82,43,3,0,3
02/10/1992,47,11,1,0,3
02/10/1992,36,99,4,1,4
29/09/1992,101,73,3,1,2
29/09/1992,103,96,2,1,2
29/09/1992,98,45,1,0,2
29/09/1992,19,77,0,0,3
28/09/1992,5,60,1,0,1
27/09/1992,89,100,2,0,1
27/09/1992,79,105,0,1,2
27/09/1992,9,108,0,4,2
26/09/1992,26,72,0,0,1
26/09/1992,57,107,2,3,1
26/09/1992,10,74,2,0,1
26/09/1992,51,88,0,0,1
26/09/1992,31,71,1,1,1
26/09/1992,34,91,1,2,1
26/09/1992,64,6,2,3,1
26/09/1992,61,81,0,0,1
26/09/1992,53,39,2,0,1
26/09/1992,25,98,2,0,2
26/09/1992,73,58,0,0,2
26/09/1992,17,8,2,1,2
26/09/1992,15,65,1,1,2
26/09/1992,45,22,1,1,2
26/09/1992,75,101,1,2,2
26/09/1992,103,54,0,3,2
26/09/1992,96,18,1,1,2
26/09/1992,76,68,0,1,2
26/09/1992,37,92,2,0,2
26/09/1992,55,50,0,0,3
26/09/1992,80,47,0,2,3
26/09/1992,78,28,2,0,3
26/09/1992,2,49,1,1,3
26/09/1992,16,82,0,1,3
26/09/1992,84,11,3,2,3
26/09/1992,104,40,2,0,3
26/09/1992,62,95,0,4,3
26/09/1992,97,14,1,1,3
26/09/1992,106,19,1,1,3
26/09/1992,77,12,2,1,3
26/09/1992,56,90,0,1,4
26/09/1992,109,7,2,3,4
26/09/1992,44,102,0,1,4
26/09/1992,70,46,2,5,4
26/09/1992,30,29,2,0,4
26/09/1992,24,87,0,2,4
26/09/1992,21,99,2,0,4
26/09/1992,48,83,1,1,4
26/09/1992,86,38,1,1,4
25/09/1992,94,43,0,0,3
25/09/1992,36,112,0,1,4
21/09/1992,72,31,1,1,1
20/09/1992,60,26,0,1,1
20/09/1992,98,75,2,2,2
20/09/1992,105,37,1,1,2
19/09/1992,88,5,1,1,1
19/09/1992,100,61,1,1,1
19/09/1992,81,64,3,3,1
19/09/1992,71,89,1,0,1
19/09/1992,74,51,4,2,1
19/09/1992,107,10,1,1,1
19/09/1992,6,57,4,2,1
19/09/1992,91,53,1,1,1
19/09/1992,39,34,0,2,1
19/09/1992,68,17,5,0,2
19/09/1992,108,103,2,2,2
19/09/1992,58,9,1,1,2
19/09/1992,18,45,0,3,2
19/09/1992,65,73,6,0,2
19/09/1992,8,76,1,2,2
19/09/1992,22,96,2,1,2
19/09/1992,54,15,0,0,2
19/09/1992,49,97,1,2,3
19/09/1992,50,84,0,1,3
19/09/1992,43,77,3,1,3
19/09/1992,11,16,2,2,3
19/09/1992,82,106,4,0,3
19/09/1992,12,2,1,1,3
19/09/1992,28,94,0,3,3
19/09/1992,47,78,1,1,3
19/09/1992,95,104,4,3,3
19/09/1992,19,62,1,0,3
19/09/1992,40,55,1,0,3
19/09/1992,14,80,4,0,3
19/09/1992,90,21,2,0,4
19/09/1992,99,70,1,0,4
19/09/1992,7,48,2,0,4
19/09/1992,112,30,2,0,4
19/09/1992,83,36,3,1,4
19/09/1992,29,24,1,0,4
19/09/1992,46,86,3,4,4
19/09/1992,87,33,3,3,4
19/09/1992,23,44,3,1,4
18/09/1992,101,25,0,0,2
18/09/1992,92,79,0,0,2
18/09/1992,38,56,0,0,4
16/09/1992,82,84,3,1,3
16/09/1992,95,16,1,1,3
15/09/1992,10,39,2,3,1
15/09/1992,17,105,1,5,2
15/09/1992,75,22,3,0,2
15/09/1992,76,65,0,0,2
15/09/1992,49,77,2,1,3
15/09/1992,50,80,2,4,3
15/09/1992,43,97,1,1,3
15/09/1992,11,2,2,0,3
15/09/1992,12,104,0,2,3
15/09/1992,28,62,1,2,3
15/09/1992,47,55,0,2,3
15/09/1992,19,78,1,1,3
15/09/1992,40,106,0,0,3
15/09/1992,14,94,2,3,3
15/09/1992,90,86,2,0,4
15/09/1992,99,109,1,1,4
15/09/1992,38,30,1,0,4
15/09/1992,7,70,3,0,4
15/09/1992,112,48,4,2,4
15/09/1992,83,44,1,1,4
15/09/1992,29,33,2,1,4
15/09/1992,46,36,1,0,4
15/09/1992,102,21,4,3,4
14/09/1992,31,100,1,0,1
13/09/1992,53,6,1,1,1
13/09/1992,15,58,1,2,2
13/09/1992,54,108,0,0,2
13/09/1992,48,23,1,1,4
12/09/1992,26,71,2,3,1
12/09/1992,88,57,1,0,1
12/09/1992,72,89,1,2,1
12/09/1992,51,107,2,1,1
12/09/1992,34,74,2,2,1
12/09/1992,5,10,0,1,1
12/09/1992,91,81,1,2,1
12/09/1992,39,61,0,2,1
12/09/1992,60,64,0,1,1
12/09/1992,25,22,0,0,2
12/09/1992,68,79,3,1,2
12/09/1992,101,45,1,1,2
12/09/1992,17,92,0,1,2
12/09/1992,65,9,0,0,2
12/09/1992,75,96,0,1,2
12/09/1992,103,73,1,3,2
12/09/1992,76,105,1,3,2
12/09/1992,8,37,1,1,2
12/09/1992,98,18,2,2,2
12/09/1992,55,28,4,3,3
12/09/1992,80,19,2,0,3
12/09/1992,78,40,2,2,3
12/09/1992,2,43,2,1,3
12/09/1992,16,49,2,1,3
12/09/1992,84,12,2,1,3
12/09/1992,94,50,5,3,3
12/09/1992,62,14,5,2,3
12/09/1992,97,11,3,0,3
12/09/1992,77,95,1,1,3
12/09/1992,56,46,2,1,4
12/09/1992,109,90,2,0,4
12/09/1992,44,29,0,0,4
12/09/1992,70,87,1,0,4
12/09/1992,30,102,3,1,4
12/09/1992,24,112,1,2,4
12/09/1992,21,7,0,0,4
12/09/1992,33,38,4,0,4
12/09/1992,86,99,1,0,4
11/09/1992,106,47,2,2,3
09/09/1992,104,82,3,0,3
08/09/1992,23,24,2,2,4
06/09/1992,61,53,2,0,1
06/09/1992,37,17,3,4,2
06/09/1992,49,14,1,2,3
06/09/1992,70,48,1,1,4
05/09/1992,89,60,0,3,1
05/09/1992,57,26,2,1,1
05/09/1992,100,39,2,1,1
05/09/1992,81,51,0,0,1
05/09/1992,10,72,4,1,1
05/09/1992,71,91,1,0,1
05/09/1992,74,31,0,1,1
05/09/1992,107,5,3,2,1
05/09/1992,6,34,3,0,1
05/09/1992,64,88,2,0,1
05/09/1992,79,9,4,0,2
05/09/1992,108,76,4,3,2
05/09/1992,73,8,1,3,2
05/09/1992,92,54,3,1,2
05/09/1992,58,101,3,3,2
05/09/1992,45,75,1,1,2
05/09/1992,18,68,1,2,2
05/09/1992,65,98,2,1,2
05/09/1992,96,25,0,2,2
05/09/1992,105,103,2,1,2
05/09/1992,43,104,1,1,3
05/09/1992,11,62,1,1,3
05/09/1992,82,50,1,2,3
05/09/1992,2,47,0,2,3
05/09/1992,16,80,2,0,3
05/09/1992,84,106,2,3,3
05/09/1992,28,19,3,0,3
05/09/1992,94,40,2,2,3
05/09/1992,95,12,0,0,3
05/09/1992,97,78,2,0,3
05/09/1992,77,55,2,0,3
05/09/1992,90,83,1,2,4
05/09/1992,56,87,1,0,4
05/09/1992,99,23,2,1,4
05/09/1992,109,38,1,1,4
05/09/1992,7,24,2,0,4
05/09/1992,21,30,3,2,4
05/09/1992,102,112,3,1,4
05/09/1992,86,44,1,1,4
05/09/1992,36,33,3,0,4
04/09/1992,22,15,1,0,2
02/09/1992,89,31,1,2,1
02/09/1992,100,88,2,0,1
02/09/1992,81,5,0,0,1
02/09/1992,6,26,1,3,1
02/09/1992,61,34,1,0,1
02/09/1992,68,58,2,0,2
02/09/1992,104,94,3,0,3
02/09/1992,14,95,3,1,3
01/09/1992,57,91,1,1,1
01/09/1992,74,53,2,2,1
01/09/1992,107,60,0,1,1
01/09/1992,64,51,2,2,1
01/09/1992,9,92,2,0,2
01/09/1992,15,79,4,1,2
01/09/1992,8,108,0,1,2
01/09/1992,55,49,4,1,3
01/09/1992,50,97,1,0,3
01/09/1992,78,84,4,2,3
01/09/1992,12,11,3,0,3
01/09/1992,47,28,2,0,3
01/09/1992,40,16,2,3,3
01/09/1992,62,2,0,2,3
01/09/1992,106,43,1,3,3
01/09/1992,38,7,2,1,4
01/09/1992,44,109,4,1,4
01/09/1992,112,99,2,1,4
01/09/1992,30,90,0,2,4
01/09/1992,24,21,5,1,4
01/09/1992,33,46,2,1,4
01/09/1992,29,36,2,0,4
01/09/1992,48,56,0,2,4
01/09/1992,87,102,2,0,4
01/09/1992,23,70,2,1,4
31/08/1992,71,72,3,1,1
30/08/1992,51,100,1,1,1
30/08/1992,9,45,2,1,2
29/08/1992,26,81,1,0,1
29/08/1992,88,6,0,2,1
29/08/1992,72,61,0,2,1
29/08/1992,31,10,0,2,1
29/08/1992,34,71,1,2,1
29/08/1992,5,89,2,1,1
29/08/1992,91,64,2,1,1
29/08/1992,39,107,0,0,1
29/08/1992,60,74,3,3,1
29/08/1992,53,57,2,2,1
29/08/1992,25,58,0,0,2
29/08/1992,68,105,2,0,2
29/08/1992,17,96,0,0,2
29/08/1992,15,92,2,1,2
29/08/1992,75,108,0,0,2
29/08/1992,103,37,0,0,2
29/08/1992,76,73,1,3,2
29/08/1992,8,65,0,0,2
29/08/1992,98,22,4,1,2
29/08/1992,54,79,1,0,2
29/08/1992,55,11,1,0,3
29/08/1992,80,28,4,3,3
29/08/1992,78,94,0,0,3
29/08/1992,12,82,2,1,3
29/08/1992,47,49,1,0,3
29/08/1992,19,84,1,1,3
29/08/1992,40,95,2,2,3
29/08/1992,104,2,2,1,3
29/08/1992,62,43,2,3,3
29/08/1992,106,97,2,3,3
29/08/1992,14,16,1,1,3
29/08/1992,38,99,2,3,4
29/08/1992,44,7,1,1,4
29/08/1992,112,109,4,0,4
29/08/1992,30,36,0,3,4
29/08/1992,83,86,3,0,4
29/08/1992,24,56,2,0,4
29/08/1992,29,21,2,1,4
29/08/1992,48,102,1,3,4
29/08/1992,87,90,1,1,4
29/08/1992,23,46,2,1,4
28/08/1992,101,18,2,1,2
28/08/1992,50,77,2,0,3
28/08/1992,33,70,3,2,4
26/08/1992,26,10,0,0,1
26/08/1992,31,81,0,1,1
26/08/1992,5,74,2,0,1
26/08/1992,60,71,3,1,1
26/08/1992,54,37,3,2,2
25/08/1992,88,107,2,2,1
25/08/1992,51,57,2,2,1
25/08/1992,34,89,1,1,1
25/08/1992,39,6,1,0,1
25/08/1992,53,100,5,0,1
25/08/1992,25,18,4,1,2
25/08/1992,73,103,1,2,2
24/08/1992,91,61,0,1,1
23/08/1992,57,5,0,2,1
22/08/1992,89,26,3,3,1
22/08/1992,100,34,2,2,1
22/08/1992,81,88,3,2,1
22/08/1992,10,60,1,0,1
22/08/1992,71,39,1,1,1
22/08/1992,74,72,5,3,1
22/08/1992,107,31,1,2,1
22/08/1992,6,91,1,1,1
22/08/1992,64,53,4,1,1
22/08/1992,61,51,1,1,1
22/08/1992,79,8,1,0,2
22/08/1992,108,98,2,2,2
22/08/1992,73,54,1,1,2
22/08/1992,92,76,0,1,2
22/08/1992,58,17,0,3,2
22/08/1992,45,103,3,2,2
22/08/1992,18,15,2,1,2
22/08/1992,65,75,3,1,2
22/08/1992,96,101,1,0,2
22/08/1992,22,9,0,3,2
22/08/1992,37,68,1,2,2
22/08/1992,105,25,0,1,2
22/08/1992,49,104,0,1,3
22/08/1992,50,28,1,1,3
22/08/1992,43,80,2,1,3
22/08/1992,11,40,2,0,3
22/08/1992,82,55,1,1,3
22/08/1992,2,78,2,1,3
22/08/1992,16,12,2,1,3
22/08/1992,84,47,0,0,3
22/08/1992,94,19,2,1,3
22/08/1992,95,106,2,1,3
22/08/1992,97,62,4,0,3
22/08/1992,77,14,3,0,3
22/08/1992,90,38,2,1,4
22/08/1992,56,112,0,1,4
22/08/1992,109,83,3,1,4
22/08/1992,21,44,1,0,4
22/08/1992,46,87,0,0,4
22/08/1992,102,23,2,3,4
22/08/1992,86,33,1,0,4
21/08/1992,7,30,3,1,4
21/08/1992,36,48,0,1,4
19/08/1992,89,72,2,0,1
19/08/1992,57,88,2,1,1
19/08/1992,100,31,0,2,1
19/08/1992,81,91,3,1,1
19/08/1992,71,26,2,1,1
19/08/1992,74,34,1,1,1
19/08/1992,6,53,1,1,1
19/08/1992,64,60,2,0,1
19/08/1992,61,39,0,3,1
19/08/1992,18,98,3,4,2
18/08/1992,10,5,1,0,1
18/08/1992,107,51,0,1,1
18/08/1992,108,54,3,0,2
18/08/1992,22,25,0,1,2
17/08/1992,60,81,1,1,1
16/08/1992,72,57,1,0,1
16/08/1992,9,73,1,0,2
16/08/1992,8,105,0,1,2
15/08/1992,26,74,1,1,1
15/08/1992,88,61,2,1,1
15/08/1992,51,6,1,1,1
15/08/1992,31,64,2,1,1
15/08/1992,34,10,3,3,1
15/08/1992,5,71,2,4,1
15/08/1992,91,100,0,0,1
15/08/1992,39,89,1,1,1
15/08/1992,53,107,2,1,1
15/08/1992,25,45,3,1,2
15/08/1992,68,92,3,2,2
15/08/1992,101,22,2,0,2
15/08/1992,17,79,3,3,2
15/08/1992,15,108,0,2,2
15/08/1992,75,18,2,1,2
15/08/1992,103,65,3,1,2
15/08/1992,76,37,1,0,2
15/08/1992,98,96,1,0,2
15/08/1992,54,58,2,1,2
15/08/1992,55,16,3,2,3
15/08/1992,80,2,1,1,3
15/08/1992,50,95,1,0,3
15/08/1992,78,43,0,0,3
15/08/1992,12,49,2,0,3
15/08/1992,47,82,1,1,3
15/08/1992,19,97,1,0,3
15/08/1992,40,84,0,2,3
15/08/1992,104,11,3,1,3
15/08/1992,62,77,0,0,3
15/08/1992,106,94,1,2,3
15/08/1992,14,28,3,1,3
15/08/1992,38,21,2,3,4
15/08/1992,44,70,2,3,4
15/08/1992,112,90,2,0,4
15/08/1992,30,56,2,1,4
15/08/1992,83,46,2,3,4
15/08/1992,24,102,3,4,4
15/08/1992,33,99,4,2,4
15/08/1992,29,7,1,2,4
15/08/1992,48,86,1,1,4
15/08/1992,23,36,0,0,4
